id;gender;photo;photo_content_type;is_accreditated;accreditationtype;date_of_birth;place_of_bbirth;club_origin;nationality;height;weight;manuality;nic;phone;discipline;categorie;team_name;fonction;titre;resident_city;press_id;press_agence;bataillon_rattachement;social_denomination;location_building
1;MALE;../fake-data/blob/hipster.png;image/png;true;SPARING;2020-01-21T11:39:42;Data SCSI Credit Card Account;programming;Haiti;87450;88698;Managed quantifying;Mouse User-centric Investment Account;1-493-003-2576 x45877;parse copying;scalable Generic copy;Dynamic;Digitized Shoes Avon;cultivate superstructure;Rustic Fresh Gloves deposit;redundant magnetic Plastic;Future-proofed synthesizing Maryland;Trinidad and Tobago;back-end Investment Account;Maine cross-platform
2;FEMALE;../fake-data/blob/hipster.png;image/png;false;SPONSOR;2020-01-21T05:05:31;Avon;strategize Soap;Orchard;75042;40574;array Intelligent;Computer bi-directional cultivate;1-835-476-4768;driver Coves;New Mexico;New Mexico Sleek primary;policy Mississippi;Drives Programmable Handmade Plastic Chicken;communities Manager;contextually-based;Yemeni Rial JSON;Practical CSS Licensed Wooden Towels;Industrial multi-byte;hacking Auto Loan Account HDD
3;FEMALE;../fake-data/blob/hipster.png;image/png;false;SPONSOR;2020-01-21T16:53:21;cross-platform connecting;Massachusetts;SMTP;98459;31596;RAM Towels Creative;Hills Walks;1-020-809-1588 x4660;Re-contextualized parse collaborative;Money Market Account Keyboard JSON;Open-architected;empower mobile fuchsia;payment solid state;multi-byte Specialist olive;eyeballs Pakistan;efficient transmitting;harness;Data Investment Account sensor;Plastic Multi-lateral flexibility
4;FEMALE;../fake-data/blob/hipster.png;image/png;false;SECURITY_AGENT;2020-01-21T16:08:27;Meadows index Coves;Implementation;Networked;98324;56907;optimizing;Washington;1-870-440-2010;Clothing UIC-Franc Division;CSS Bolivar Fuerte;brand;HDD Corporate;bus Jewelery;user-centric TCP technologies;Solomon Islands Dollar Chief;Soft concept CFA Franc BEAC;navigate;Arkansas salmon;synthesize
5;MALE;../fake-data/blob/hipster.png;image/png;false;TRAINNER;2020-01-21T00:54:03;Delaware Baby invoice;invoice Green Handmade;Soft Usability;61799;89190;mobile open-source Baht;withdrawal;1-835-400-3703 x6793;Unbranded Creek;copying;Lead Point utilisation;red;payment Solutions;bricks-and-clicks Small;Practical Rubber Tuna;Functionality;Executive;Shoes neutral;Bedfordshire Oregon program
6;FEMALE;../fake-data/blob/hipster.png;image/png;true;SPECIAL_INVITEE;2020-01-20T23:40:10;Metal Savings Account Networked;Auto Loan Account Interactions Mission;Sleek Metal Keyboard;10703;72847;Tasty Croatian Kuna;functionalities Marshall Islands Licensed Cotton Shirt;1-695-900-9661;value-added Bedfordshire;hack strategize;modular Handcrafted;application Table;bricks-and-clicks;Functionality Licensed;quantify Integration;Implementation Creative Japan;Paradigm SSL complexity;alliance Fresh;invoice withdrawal
7;MALE;../fake-data/blob/hipster.png;image/png;true;SPARING;2020-01-21T15:12:44;Sausages reinvent;calculate system transmitting;input architectures Assurance;59227;564;Unbranded;Ranch connect deploy;971-976-8623;Facilitator;Row;Awesome;online SAS Florida;hack synthesizing;Rand;Plastic multi-byte;Handcrafted Cotton Fish Interactions;Latvia Unbranded SMTP;intangible Berkshire Response;payment Malaysian Ringgit
8;MALE;../fake-data/blob/hipster.png;image/png;false;ARBITRE;2020-01-21T05:23:09;EXE Exclusive Soft;Money Market Account Awesome Frozen Chicken parsing;end-to-end;50473;50899;Cotton green;Officer navigate;574.501.2599;object-oriented;Research;withdrawal;invoice;bricks-and-clicks;wireless;Senegal mint green;Knolls;Incredible;payment Trafficway;application invoice alarm
9;FEMALE;../fake-data/blob/hipster.png;image/png;true;SPONSOR;2020-01-21T15:28:56;red global;fuchsia deposit maroon;Indian Rupee;16680;90030;bandwidth;Bike;(834) 670-8639;Cotton Jewelery;Cotton channels South Dakota;compelling;Lilangeni;New York;navigate Awesome e-commerce;Global;Nicaragua IB;Electronics;Incredible Concrete Shirt;magenta
10;MALE;../fake-data/blob/hipster.png;image/png;false;SPARING;2020-01-21T14:39:37;Soap synergize;Future Chief leading-edge;mission-critical;58652;82375;panel;e-markets Trace sensor;1-849-482-5828 x148;Square;Executive Horizontal index;Money Market Account infrastructures seamless;Berkshire index;Mouse;Grocery Vista Communications;complexity Tasty;optimize azure;Computer;PNG reboot;payment
